Designator,Mid X,Mid Y,Rotation,Layer
D1,88.51,-48.3,0.0,bottom
D10,107.31,-38.9,0.0,bottom
D100,130.81,-32.6,0.0,bottom
D11,88.51,-45.2,0.0,bottom
D12,93.21,-45.2,0.0,bottom
D13,97.91,-45.2,0.0,bottom
D14,107.31,-42.1,0.0,bottom
D15,107.31,-45.2,0.0,bottom
D16,107.31,-48.3,0.0,bottom
D17,112.01,-35.7,0.0,bottom
D18,112.01,-38.9,0.0,bottom
D19,112.01,-42.1,0.0,bottom
D2,93.21,-48.3,0.0,bottom
D20,112.01,-45.2,0.0,bottom
D21,88.51,-38.9,0.0,bottom
D22,88.51,-42.1,0.0,bottom
D23,93.21,-38.9,0.0,bottom
D24,93.21,-42.1,0.0,bottom
D25,97.91,-38.9,0.0,bottom
D26,97.91,-42.1,0.0,bottom
D27,112.01,-48.3,0.0,bottom
D28,116.71,-35.7,0.0,bottom
D29,116.71,-38.9,0.0,bottom
D3,97.91,-48.3,0.0,bottom
D30,116.71,-42.1,0.0,bottom
D31,116.71,-45.2,0.0,bottom
D32,116.71,-48.3,0.0,bottom
D33,121.41,-35.7,0.0,bottom
D34,121.41,-38.9,0.0,bottom
D35,121.41,-42.1,0.0,bottom
D36,121.41,-45.2,0.0,bottom
D37,121.41,-48.3,0.0,bottom
D38,126.11,-35.7,0.0,bottom
D39,126.11,-38.9,0.0,bottom
D4,102.61,-35.7,0.0,bottom
D40,126.11,-42.1,0.0,bottom
D41,126.11,-45.2,0.0,bottom
D42,88.51,-35.7,0.0,bottom
D43,126.11,-48.3,0.0,bottom
D44,93.21,-35.7,0.0,bottom
D45,130.81,-35.7,0.0,bottom
D46,97.91,-35.7,0.0,bottom
D47,130.81,-38.9,0.0,bottom
D48,130.81,-42.1,0.0,bottom
D49,130.81,-45.2,0.0,bottom
D5,102.61,-38.9,0.0,bottom
D50,130.81,-48.3,0.0,bottom
D51,88.51,-20.2,0.0,bottom
D52,88.51,-23.3,0.0,bottom
D53,88.51,-26.4,0.0,bottom
D54,88.51,-29.5,0.0,bottom
D55,88.51,-32.6,0.0,bottom
D56,93.21,-20.2,0.0,bottom
D57,93.21,-23.3,0.0,bottom
D58,93.21,-26.4,0.0,bottom
D59,93.21,-29.5,0.0,bottom
D6,102.61,-42.1,0.0,bottom
D60,93.21,-32.6,0.0,bottom
D61,97.91,-20.2,0.0,bottom
D62,97.91,-23.3,0.0,bottom
D63,97.91,-26.4,0.0,bottom
D64,97.91,-29.5,0.0,bottom
D65,97.91,-32.6,0.0,bottom
D66,102.61,-20.2,0.0,bottom
D67,102.61,-23.3,0.0,bottom
D68,102.61,-26.4,0.0,bottom
D69,102.61,-29.5,0.0,bottom
D7,102.61,-45.2,0.0,bottom
D70,102.61,-32.6,0.0,bottom
D71,107.31,-20.2,0.0,bottom
D72,107.31,-23.3,0.0,bottom
D73,107.31,-26.4,0.0,bottom
D74,107.31,-29.5,0.0,bottom
D75,107.31,-32.6,0.0,bottom
D76,112.01,-20.2,0.0,bottom
D77,112.01,-23.3,0.0,bottom
D78,112.01,-26.4,0.0,bottom
D79,112.01,-29.5,0.0,bottom
D8,102.61,-48.3,0.0,bottom
D80,112.01,-32.6,0.0,bottom
D81,116.71,-20.2,0.0,bottom
D82,116.71,-23.3,0.0,bottom
D83,116.71,-26.4,0.0,bottom
D84,116.71,-29.5,0.0,bottom
D85,116.71,-32.6,0.0,bottom
D86,121.41,-20.2,0.0,bottom
D87,121.41,-23.3,0.0,bottom
D88,121.41,-26.4,0.0,bottom
D89,121.41,-29.5,0.0,bottom
D9,107.31,-35.7,0.0,bottom
D90,121.41,-32.6,0.0,bottom
D91,126.11,-20.2,0.0,bottom
D92,126.11,-23.3,0.0,bottom
D93,126.11,-26.4,0.0,bottom
D94,126.11,-29.5,0.0,bottom
D95,126.11,-32.6,0.0,bottom
D96,130.81,-20.2,0.0,bottom
D97,130.81,-23.3,0.0,bottom
D98,130.81,-26.4,0.0,bottom
D99,130.81,-29.5,0.0,bottom
J1,81.0,-165.97,0.0,top
J2,116.11,-166.01,0.0,top
S1,88.51,-48.3,0.0,top
S10,107.31,-38.9,0.0,top
S100,130.81,-32.6,0.0,top
S11,88.51,-45.2,0.0,top
S12,93.21,-45.2,0.0,top
S13,97.91,-45.2,0.0,top
S14,107.31,-42.1,0.0,top
S15,107.31,-45.2,0.0,top
S16,107.31,-48.3,0.0,top
S17,112.01,-35.7,0.0,top
S18,112.01,-38.9,0.0,top
S19,112.01,-42.1,0.0,top
S2,93.21,-48.3,0.0,top
S20,112.01,-45.2,0.0,top
S21,88.51,-38.9,0.0,top
S22,88.51,-42.1,0.0,top
S23,93.21,-38.9,0.0,top
S24,93.21,-42.1,0.0,top
S25,97.91,-38.9,0.0,top
S26,97.91,-42.1,0.0,top
S27,112.01,-48.3,0.0,top
S28,116.71,-35.7,0.0,top
S29,116.71,-38.9,0.0,top
S3,97.91,-48.3,0.0,top
S30,116.71,-42.1,0.0,top
S31,116.71,-45.2,0.0,top
S32,116.71,-48.3,0.0,top
S33,121.41,-35.7,0.0,top
S34,121.41,-38.9,0.0,top
S35,121.41,-42.1,0.0,top
S36,121.41,-45.2,0.0,top
S37,121.41,-48.3,0.0,top
S38,126.11,-35.7,0.0,top
S39,126.11,-38.9,0.0,top
S4,102.61,-35.7,0.0,top
S40,126.11,-42.1,0.0,top
S41,126.11,-45.2,0.0,top
S42,88.51,-35.7,0.0,top
S43,126.11,-48.3,0.0,top
S44,93.21,-35.7,0.0,top
S45,130.81,-35.7,0.0,top
S46,97.91,-35.7,0.0,top
S47,130.81,-38.9,0.0,top
S48,130.81,-42.1,0.0,top
S49,130.81,-45.2,0.0,top
S5,102.61,-38.9,0.0,top
S50,130.81,-48.3,0.0,top
S51,88.51,-20.2,0.0,top
S52,88.51,-23.3,0.0,top
S53,88.5325,-26.4,0.0,top
S54,88.51,-29.5,0.0,top
S55,88.51,-32.6,0.0,top
S56,93.21,-20.2,0.0,top
S57,93.21,-23.3,0.0,top
S58,93.21,-26.4,0.0,top
S59,93.21,-29.5,0.0,top
S6,102.61,-42.1,0.0,top
S60,93.21,-32.6,0.0,top
S61,97.91,-20.2,0.0,top
S62,97.91,-23.3,0.0,top
S63,97.91,-26.4,0.0,top
S64,97.91,-29.5,0.0,top
S65,97.91,-32.6,0.0,top
S66,102.61,-20.2,0.0,top
S67,102.61,-23.3,0.0,top
S68,102.61,-26.4,0.0,top
S69,102.61,-29.5,0.0,top
S7,102.61,-45.2,0.0,top
S70,102.61,-32.6,0.0,top
S71,107.31,-20.2,0.0,top
S72,107.31,-23.3,0.0,top
S73,107.31,-26.4,0.0,top
S74,107.31,-29.5,0.0,top
S75,107.31,-32.6,0.0,top
S76,112.01,-20.2,0.0,top
S77,112.01,-23.3,0.0,top
S78,112.01,-26.4,0.0,top
S79,112.01,-29.5,0.0,top
S8,102.61,-48.3,0.0,top
S80,112.01,-32.6,0.0,top
S81,116.71,-20.2,0.0,top
S82,116.71,-23.3,0.0,top
S83,116.71,-26.4,0.0,top
S84,116.71,-29.5,0.0,top
S85,116.71,-32.6,0.0,top
S86,121.41,-20.2,0.0,top
S87,121.41,-23.3,0.0,top
S88,121.41,-26.4,0.0,top
S89,121.41,-29.5,0.0,top
S9,107.31,-35.7,0.0,top
S90,121.41,-32.6,0.0,top
S91,126.11,-20.2,0.0,top
S92,126.11,-23.3,0.0,top
S93,126.11,-26.4,0.0,top
S94,126.11,-29.5,0.0,top
S95,126.11,-32.6,0.0,top
S96,130.81,-20.2,0.0,top
S97,130.81,-23.3,0.0,top
S98,130.81,-26.4,0.0,top
S99,130.81,-29.5,0.0,top
